"Geographic Area Name","50.0 percent or more (2021)","MoE"
"Auburn city, Alabama","6,495","± 1,716"
"Birmingham city, Alabama","12,366","± 1,860"
"Dothan city, Alabama","3,134","± 493"
"Hoover city, Alabama","2,875","± 1,056"
"Huntsville city, Alabama","7,194","± 1,829"
"Mobile city, Alabama","9,985","± 1,673"
"Montgomery city, Alabama","12,028","± 2,306"
"Tuscaloosa city, Alabama","7,506","± 1,927"
"Anchorage municipality, Alaska","8,391","± 1,753"
"Avondale city, Arizona","3,175","± 1,236"
"Casas Adobes CDP, Arizona","1,738","± 580"
"Chandler city, Arizona","7,297","± 1,723"
"Flagstaff city, Arizona","7,886","± 1,956"
"Gilbert town, Arizona","4,722","± 1,303"
"Glendale city, Arizona","10,865","± 1,878"
"Goodyear city, Arizona","2,175","± 1,430"
"Mesa city, Arizona","17,519","± 2,293"
"Peoria city, Arizona","4,106","± 1,083"
"Phoenix city, Arizona","60,144","± 4,142"
"Scottsdale city, Arizona","9,493","± 1,899"
"Surprise city, Arizona","2,815","± 1,213"
"Tempe city, Arizona","11,903","± 2,199"
"Tucson city, Arizona","26,515","± 2,906"
"Yuma city, Arizona","2,604","± 815"
"Conway city, Arkansas","3,416","± 917"
"Fayetteville city, Arkansas","4,877","± 1,388"
"Fort Smith city, Arkansas","3,516","± 1,234"
"Jonesboro city, Arkansas","4,221","± 1,392"
"Little Rock city, Arkansas","9,610","± 2,322"
"Rogers city, Arkansas","1,247","± 662"
"Springdale city, Arkansas","1,614","± 812"
"Alameda city, California","2,688","± 681"
"Alhambra city, California","5,128","± 1,039"
"Anaheim city, California","15,977","± 2,007"
"Antioch city, California","5,907","± 1,632"
"Apple Valley town, California","1,848","± 784"
"Arden-Arcade CDP, California","7,588","± 1,515"
"Bakersfield city, California","14,099","± 1,987"
"Baldwin Park city, California","1,645","± 673"
"Bellflower city, California","4,507","± 972"
"Berkeley city, California","6,463","± 1,244"
"Buena Park city, California","2,736","± 1,067"
"Burbank city, California","8,754","± 1,687"
"Camarillo city, California","2,785","± 905"
"Carlsbad city, California","4,979","± 1,417"
"Carmichael CDP, California","3,897","± 1,124"
"Carson city, California","1,797","± 804"
"Castro Valley CDP, California","2,342","± 922"
"Chico city, California","7,822","± 1,471"
"Chino city, California","2,385","± 1,070"
"Chino Hills city, California","1,994","± 909"
"Chula Vista city, California","11,990","± 2,532"
"Citrus Heights city, California","4,794","± 1,336"
"Clovis city, California","2,786","± 835"
"Compton city, California","3,506","± 1,093"
"Concord city, California","6,737","± 1,716"
"Corona city, California","4,978","± 1,269"
"Costa Mesa city, California","6,475","± 1,502"
"Daly City city, California","4,537","± 1,232"
"Davis city, California","5,329","± 1,065"
"Downey city, California","5,011","± 1,186"
"Dublin city, California","1,432","± 532"
"East Los Angeles CDP, California","4,354","± 1,080"
"El Cajon city, California","6,728","± 1,639"
"Elk Grove city, California","3,408","± 942"
"El Monte city, California","6,065","± 1,085"
"Escondido city, California","6,336","± 1,387"
"Fairfield city, California","6,010","± 1,079"
"Folsom city, California","1,512","± 592"
"Fontana city, California","3,805","± 1,164"
"Fremont city, California","4,963","± 1,259"
"Fresno city, California","24,188","± 2,992"
"Fullerton city, California","7,147","± 1,585"
"Garden Grove city, California","7,649","± 1,398"
"Glendale city, California","16,624","± 2,045"
"Hawthorne city, California","7,575","± 1,564"
"Hayward city, California","6,304","± 1,332"
"Hemet city, California","5,650","± 1,638"
"Hesperia city, California","3,339","± 1,203"
"Huntington Beach city, California","10,465","± 2,053"
"Indio city, California","2,314","± 1,141"
"Inglewood city, California","7,582","± 1,236"
"Irvine city, California","15,775","± 2,765"
"Jurupa Valley city, California","2,271","± 793"
"Lake Elsinore city, California","2,391","± 1,380"
"Lake Forest city, California","2,368","± 914"
"Lakewood city, California","1,572","± 741"
"Lancaster city, California","7,620","± 1,554"
"Livermore city, California","2,032","± 976"
"Lodi city, California","2,244","± 852"
"Long Beach city, California","29,150","± 2,794"
"Los Angeles city, California","291,578","± 9,259"
"Lynwood city, California","2,816","± 842"
"Madera city, California","3,521","± 1,241"
"Manteca city, California","1,221","± 757"
"Menifee city, California","2,572","± 1,463"
"Merced city, California","4,922","± 987"
"Milpitas city, California","1,576","± 561"
"Mission Viejo city, California","2,011","± 853"
"Modesto city, California","8,045","± 1,769"
"Moreno Valley city, California","5,814","± 1,283"
"Mountain View city, California","3,201","± 1,056"
"Murrieta city, California","2,554","± 1,057"
"Napa city, California","2,960","± 929"
"Newport Beach city, California","4,194","± 1,067"
"Norwalk city, California","3,306","± 726"
"Oakland city, California","26,544","± 2,784"
"Oceanside city, California","7,626","± 1,519"
"Ontario city, California","8,368","± 1,518"
"Orange city, California","5,365","± 1,241"
"Oxnard city, California","6,110","± 1,303"
"Palmdale city, California","4,291","± 1,242"
"Palo Alto city, California","2,084","± 739"
"Pasadena city, California","9,092","± 1,687"
"Perris city, California","1,352","± 750"
"Pittsburg city, California","2,901","± 1,071"
"Pleasanton city, California","2,065","± 923"
"Pomona city, California","6,182","± 1,156"
"Rancho Cordova city, California","2,223","± 810"
"Rancho Cucamonga city, California","5,595","± 1,529"
"Redding city, California","5,187","± 1,341"
"Redlands city, California","1,665","± 719"
"Redondo Beach city, California","3,111","± 1,000"
"Redwood City city, California","2,982","± 845"
"Rialto city, California","3,261","± 924"
"Richmond city, California","5,230","± 1,469"
"Riverside city, California","11,159","± 1,671"
"Rocklin city, California","1,434","± 479"
"Roseville city, California","4,774","± 1,223"
"Sacramento city, California","26,268","± 2,805"
"Salinas city, California","5,619","± 903"
"San Bernardino city, California","9,631","± 1,541"
"San Buenaventura (Ventura) city, California","4,805","± 1,266"
"San Diego city, California","73,755","± 4,789"
"San Francisco city, California","42,477","± 3,367"
"San Jose city, California","29,575","± 2,826"
"San Leandro city, California","3,219","± 1,040"
"San Marcos city, California","5,069","± 1,150"
"San Mateo city, California","5,385","± 1,406"
"San Ramon city, California","1,376","± 481"
"Santa Ana city, California","12,404","± 2,076"
"Santa Barbara city, California","6,373","± 1,344"
"Santa Clara city, California","4,121","± 1,120"
"Santa Clarita city, California","6,590","± 1,453"
"Santa Maria city, California","5,016","± 1,322"
"Santa Monica city, California","6,799","± 1,589"
"Santa Rosa city, California","7,423","± 1,507"
"Simi Valley city, California","3,942","± 1,138"
"South Gate city, California","4,010","± 1,089"
"Stockton city, California","12,500","± 1,985"
"Sunnyvale city, California","4,500","± 1,212"
"Temecula city, California","2,940","± 1,053"
"Thousand Oaks city, California","3,107","± 993"
"Torrance city, California","5,715","± 1,590"
"Tracy city, California","2,020","± 736"
"Tulare city, California","1,068","± 451"
"Turlock city, California","3,025","± 1,073"
"Tustin city, California","3,308","± 942"
"Union City city, California","988","± 473"
"Upland city, California","3,516","± 1,083"
"Vacaville city, California","2,738","± 916"
"Vallejo city, California","6,107","± 1,508"
"Victorville city, California","4,802","± 1,777"
"Visalia city, California","4,955","± 1,755"
"Vista city, California","4,241","± 998"
"Walnut Creek city, California","1,660","± 633"
"West Covina city, California","2,532","± 741"
"Westminster city, California","5,951","± 1,282"
"Whittier city, California","2,932","± 878"
"Yorba Linda city, California","1,580","± 710"
"Yuba City city, California","2,236","± 1,054"
"Arvada city, Colorado","3,821","± 1,236"
"Aurora city, Colorado","16,765","± 1,977"
"Boulder city, Colorado","9,567","± 1,417"
"Broomfield city, Colorado","2,603","± 607"
"Castle Rock town, Colorado","1,801","± 943"
"Centennial city, Colorado","1,693","± 635"
"Colorado Springs city, Colorado","17,667","± 2,560"
"Denver city, Colorado","34,041","± 3,071"
"Fort Collins city, Colorado","9,003","± 1,674"
"Grand Junction city, Colorado","2,451","± 1,126"
"Greeley city, Colorado","4,467","± 1,046"
"Highlands Ranch CDP, Colorado","2,277","± 913"
"Lakewood city, Colorado","9,569","± 1,670"
"Longmont city, Colorado","3,730","± 932"
"Loveland city, Colorado","2,654","± 875"
"Pueblo city, Colorado","5,690","± 1,384"
"Thornton city, Colorado","4,000","± 1,129"
"Westminster city, Colorado","4,285","± 1,139"
"Bridgeport city, Connecticut","10,406","± 1,897"
"Danbury city, Connecticut","2,976","± 1,021"
"Hartford city, Connecticut","10,003","± 1,536"
"New Britain city, Connecticut","3,866","± 1,008"
"New Haven city, Connecticut","10,673","± 1,435"
"Norwalk city, Connecticut","4,200","± 1,170"
"Stamford city, Connecticut","5,987","± 1,514"
"Waterbury city, Connecticut","6,045","± 1,753"
"Wilmington city, Delaware","4,192","± 1,292"
"Washington city, District of Columbia","41,482","± 3,948"
"Alafaya CDP, Florida","1,755","± 1,003"
"Boca Raton city, Florida","4,959","± 1,529"
"Boynton Beach city, Florida","4,211","± 1,263"
"Brandon CDP, Florida","6,646","± 1,526"
"Cape Coral city, Florida","4,329","± 1,339"
"Clearwater city, Florida","4,658","± 1,275"
"Coral Springs city, Florida","4,587","± 1,349"
"Davie town, Florida","3,432","± 1,209"
"Daytona Beach city, Florida","5,405","± 1,528"
"Deerfield Beach city, Florida","4,914","± 1,693"
"Delray Beach city, Florida","2,939","± 1,070"
"Deltona city, Florida","1,999","± 818"
"Doral city, Florida","4,183","± 1,018"
"Fort Lauderdale city, Florida","12,223","± 2,613"
"Fort Myers city, Florida","5,760","± 1,557"
"Gainesville city, Florida","11,147","± 2,239"
"Hialeah city, Florida","12,935","± 1,614"
"Hollywood city, Florida","7,876","± 1,529"
"Homestead city, Florida","4,486","± 1,313"
"Jacksonville city, Florida","45,275","± 4,769"
"Kendall CDP, Florida","3,813","± 1,336"
"Kissimmee city, Florida","6,083","± 1,555"
"Lakeland city, Florida","5,424","± 1,379"
"Largo city, Florida","3,891","± 1,351"
"Lauderhill city, Florida","5,250","± 1,360"
"Lehigh Acres CDP, Florida","3,819","± 1,123"
"Melbourne city, Florida","3,574","± 1,037"
"Miami city, Florida","43,290","± 4,310"
"Miami Beach city, Florida","8,891","± 1,395"
"Miami Gardens city, Florida","3,134","± 984"
"Miramar city, Florida","1,566","± 681"
"Orlando city, Florida","22,311","± 4,193"
"Palm Bay city, Florida","3,896","± 1,401"
"Palm Coast city, Florida","2,387","± 880"
"Pembroke Pines city, Florida","5,527","± 1,597"
"Pine Hills CDP, Florida","3,466","± 1,339"
"Plantation city, Florida","2,769","± 830"
"Pompano Beach city, Florida","6,727","± 1,510"
"Port Charlotte CDP, Florida","1,650","± 799"
"Port St. Lucie city, Florida","3,792","± 1,273"
"Riverview CDP, Florida","1,786","± 942"
"St. Petersburg city, Florida","9,957","± 1,839"
"Spring Hill CDP, Florida","2,844","± 1,121"
"Sunrise city, Florida","3,639","± 1,259"
"Tallahassee city, Florida","16,577","± 2,712"
"Tamarac city, Florida","2,585","± 1,030"
"Tampa city, Florida","21,025","± 2,280"
"Town 'n' Country CDP, Florida","5,161","± 1,737"
"Wesley Chapel CDP, Florida","950","± 546"
"Weston city, Florida","1,210","± 686"
"West Palm Beach city, Florida","8,371","± 1,906"
"Albany city, Georgia","4,426","± 1,213"
"Alpharetta city, Georgia","2,004","± 835"
"Athens-Clarke County unified government (balance), Georgia","10,212","± 2,085"
"Atlanta city, Georgia","32,275","± 4,312"
"Augusta-Richmond County consolidated government (balance), Georgia","7,819","± 1,672"
"Columbus city, Georgia","10,656","± 2,262"
"Macon-Bibb County, Georgia","6,925","± 1,608"
"Roswell city, Georgia","2,576","± 1,239"
"Sandy Springs city, Georgia","4,511","± 1,850"
"Savannah city, Georgia","9,517","± 1,687"
"Warner Robins city, Georgia","2,108","± 994"
"Urban Honolulu CDP, Hawaii","18,313","± 2,369"
"Boise City city, Idaho","7,978","± 2,033"
"Idaho Falls city, Idaho","1,472","± 519"
"Meridian city, Idaho","1,701","± 1,035"
"Nampa city, Idaho","2,234","± 938"
"Arlington Heights village, Illinois","1,123","± 610"
"Aurora city, Illinois","4,674","± 1,269"
"Bloomington city, Illinois","2,232","± 812"
"Bolingbrook village, Illinois","1,439","± 781"
"Champaign city, Illinois","4,670","± 1,317"
"Chicago city, Illinois","156,141","± 7,992"
"Cicero town, Illinois","2,944","± 955"
"Decatur city, Illinois","2,156","± 706"
"Elgin city, Illinois","1,955","± 830"
"Evanston city, Illinois","3,341","± 825"
"Joliet city, Illinois","2,407","± 773"
"Naperville city, Illinois","3,665","± 1,123"
"Palatine village, Illinois","3,054","± 1,093"
"Peoria city, Illinois","5,247","± 1,330"
"Rockford city, Illinois","7,866","± 1,449"
"Schaumburg village, Illinois","2,429","± 924"
"Skokie village, Illinois","2,117","± 1,164"
"Springfield city, Illinois","4,685","± 1,064"
"Waukegan city, Illinois","2,992","± 918"
"Bloomington city, Indiana","8,664","± 1,747"
"Carmel city, Indiana","1,278","± 565"
"Evansville city, Indiana","3,714","± 957"
"Fishers city, Indiana","876","± 654"
"Fort Wayne city, Indiana","8,305","± 1,384"
"Hammond city, Indiana","2,242","± 803"
"Indianapolis city (balance), Indiana","34,118","± 3,562"
"Lafayette city, Indiana","3,176","± 961"
"Noblesville city, Indiana","1,243","± 695"
"South Bend city, Indiana","4,688","± 1,311"
"Ames city, Iowa","5,129","± 1,510"
"Ankeny city, Iowa","1,084","± 551"
"Cedar Rapids city, Iowa","2,897","± 889"
"Davenport city, Iowa","3,245","± 927"
"Des Moines city, Iowa","6,981","± 1,280"
"Iowa City city, Iowa","4,102","± 1,065"
"Sioux City city, Iowa","2,255","± 848"
"Waterloo city, Iowa","2,890","± 954"
"West Des Moines city, Iowa","3,595","± 1,339"
"Kansas City city, Kansas","4,822","± 1,017"
"Lawrence city, Kansas","7,356","± 1,666"
"Olathe city, Kansas","1,946","± 694"
"Overland Park city, Kansas","5,530","± 1,236"
"Shawnee city, Kansas","986","± 609"
"Topeka city, Kansas","5,699","± 1,458"
"Wichita city, Kansas","14,248","± 2,064"
"Bowling Green city, Kentucky","4,752","± 1,221"
"Lexington-Fayette urban county, Kentucky","15,725","± 1,933"
"Louisville/Jefferson County metro government (balance), Kentucky","22,566","± 2,801"
"Baton Rouge city, Louisiana","14,597","± 2,522"
"Kenner city, Louisiana","3,169","± 1,302"
"Lafayette city, Louisiana","6,376","± 1,280"
"Lake Charles city, Louisiana","3,304","± 1,222"
"Metairie CDP, Louisiana","4,750","± 1,615"
"New Orleans city, Louisiana","25,279","± 2,363"
"Shreveport city, Louisiana","10,408","± 2,069"
"Portland city, Maine","3,307","± 928"
"Baltimore city, Maryland","37,110","± 3,364"
"Bethesda CDP, Maryland","2,295","± 619"
"Columbia CDP, Maryland","2,565","± 979"
"Ellicott City CDP, Maryland","1,427","± 611"
"Frederick city, Maryland","3,617","± 1,136"
"Gaithersburg city, Maryland","3,322","± 1,007"
"Germantown CDP, Maryland","2,266","± 771"
"Glen Burnie CDP, Maryland","2,063","± 918"
"Rockville city, Maryland","2,473","± 841"
"Silver Spring CDP, Maryland","4,614","± 1,610"
"Waldorf CDP, Maryland","2,461","± 914"
"Boston city, Massachusetts","43,140","± 3,426"
"Brockton city, Massachusetts","4,303","± 1,475"
"Cambridge city, Massachusetts","6,484","± 1,395"
"Fall River city, Massachusetts","6,528","± 1,530"
"Framingham city, Massachusetts","2,905","± 926"
"Haverhill city, Massachusetts","3,546","± 1,093"
"Lawrence city, Massachusetts","6,132","± 1,574"
"Lowell city, Massachusetts","4,594","± 1,162"
"Lynn city, Massachusetts","5,112","± 1,367"
"Malden city, Massachusetts","3,884","± 1,336"
"New Bedford city, Massachusetts","7,288","± 1,346"
"Newton city, Massachusetts","1,127","± 529"
"Quincy city, Massachusetts","5,443","± 1,301"
"Somerville city, Massachusetts","3,471","± 1,040"
"Springfield city, Massachusetts","9,842","± 1,745"
"Worcester city, Massachusetts","9,184","± 1,691"
"Ann Arbor city, Michigan","9,390","± 1,735"
"Dearborn city, Michigan","3,395","± 1,056"
"Detroit city, Michigan","37,389","± 3,319"
"Farmington Hills city, Michigan","1,784","± 906"
"Flint city, Michigan","3,632","± 1,029"
"Grand Rapids city, Michigan","7,708","± 1,734"
"Kalamazoo city, Michigan","6,470","± 1,749"
"Lansing city, Michigan","4,914","± 1,167"
"Livonia city, Michigan","925","± 501"
"Novi city, Michigan","2,031","± 924"
"Rochester Hills city, Michigan","1,407","± 468"
"Southfield city, Michigan","5,112","± 1,165"
"Sterling Heights city, Michigan","2,675","± 896"
"Troy city, Michigan","1,344","± 637"
"Warren city, Michigan","3,430","± 1,218"
"Westland city, Michigan","2,602","± 893"
"Wyoming city, Michigan","3,127","± 1,292"
"Blaine city, Minnesota","1,015","± 527"
"Bloomington city, Minnesota","2,991","± 976"
"Brooklyn Park city, Minnesota","2,114","± 1,119"
"Duluth city, Minnesota","4,320","± 940"
"Eagan city, Minnesota","908","± 344"
"Maple Grove city, Minnesota","527","± 321"
"Minneapolis city, Minnesota","21,594","± 2,934"
"Plymouth city, Minnesota","1,556","± 727"
"Rochester city, Minnesota","3,614","± 1,050"
"St. Cloud city, Minnesota","4,700","± 1,425"
"St. Paul city, Minnesota","11,436","± 1,739"
"Gulfport city, Mississippi","3,296","± 1,215"
"Jackson city, Mississippi","10,116","± 1,631"
"Columbia city, Missouri","7,335","± 1,659"
"Independence city, Missouri","5,315","± 1,430"
"Kansas City city, Missouri","22,000","± 2,535"
"Lee's Summit city, Missouri","1,715","± 853"
"O'Fallon city, Missouri","672","± 441"
"St. Charles city, Missouri","1,860","± 736"
"St. Joseph city, Missouri","2,694","± 663"
"St. Louis city, Missouri","17,732","± 2,556"
"Springfield city, Missouri","9,343","± 2,144"
"Billings city, Montana","4,229","± 1,348"
"Missoula city, Montana","4,026","± 1,185"
"Lincoln city, Nebraska","11,572","± 1,838"
"Omaha city, Nebraska","21,346","± 2,529"
"Enterprise CDP, Nevada","9,126","± 1,994"
"Henderson city, Nevada","9,819","± 1,730"
"Las Vegas city, Nevada","32,490","± 3,110"
"North Las Vegas city, Nevada","9,621","± 1,849"
"Paradise CDP, Nevada","13,709","± 1,924"
"Reno city, Nevada","12,702","± 1,875"
"Sparks city, Nevada","2,135","± 896"
"Spring Valley CDP, Nevada","15,990","± 2,447"
"Sunrise Manor CDP, Nevada","8,180","± 1,692"
"Manchester city, New Hampshire","4,614","± 1,133"
"Nashua city, New Hampshire","3,589","± 1,146"
"Bayonne city, New Jersey","3,541","± 1,069"
"Camden city, New Jersey","5,064","± 1,377"
"Clifton city, New Jersey","4,344","± 1,344"
"East Orange city, New Jersey","3,809","± 1,235"
"Elizabeth city, New Jersey","9,235","± 1,754"
"Jersey City city, New Jersey","21,144","± 2,485"
"Newark city, New Jersey","26,346","± 3,109"
"Passaic city, New Jersey","5,754","± 1,231"
"Paterson city, New Jersey","12,679","± 1,900"
"Toms River CDP, New Jersey","2,063","± 869"
"Trenton city, New Jersey","4,335","± 1,322"
"Union City city, New Jersey","4,776","± 1,197"
"Albuquerque city, New Mexico","23,837","± 3,149"
"Las Cruces city, New Mexico","5,632","± 1,783"
"Rio Rancho city, New Mexico","1,473","± 765"
"Santa Fe city, New Mexico","4,163","± 1,235"
"Albany city, New York","9,778","± 2,160"
"Buffalo city, New York","20,397","± 2,560"
"Cheektowaga CDP, New York","1,822","± 770"
"Mount Vernon city, New York","3,605","± 1,086"
"New Rochelle city, New York","4,019","± 1,352"
"New York city, New York","623,792","± 13,216"
"Rochester city, New York","16,035","± 2,027"
"Schenectady city, New York","5,612","± 1,809"
"Syracuse city, New York","12,794","± 1,690"
"Yonkers city, New York","12,340","± 2,226"
"Asheville city, North Carolina","4,361","± 1,194"
"Cary town, North Carolina","3,692","± 1,132"
"Charlotte city, North Carolina","34,366","± 3,875"
"Concord city, North Carolina","1,887","± 1,099"
"Durham city, North Carolina","14,473","± 2,767"
"Fayetteville city, North Carolina","10,530","± 1,454"
"Gastonia city, North Carolina","3,705","± 1,179"
"Greensboro city, North Carolina","13,462","± 2,121"
"Greenville city, North Carolina","8,293","± 1,861"
"High Point city, North Carolina","4,070","± 1,204"
"Jacksonville city, North Carolina","3,774","± 1,623"
"Raleigh city, North Carolina","24,710","± 3,467"
"Wilmington city, North Carolina","8,733","± 1,992"
"Winston-Salem city, North Carolina","11,173","± 2,146"
"Bismarck city, North Dakota","1,688","± 703"
"Fargo city, North Dakota","6,034","± 2,133"
"Akron city, Ohio","9,009","± 1,795"
"Canton city, Ohio","3,981","± 1,193"
"Cincinnati city, Ohio","24,901","± 2,604"
"Cleveland city, Ohio","24,034","± 2,628"
"Columbus city, Ohio","45,224","± 4,354"
"Dayton city, Ohio","5,825","± 1,153"
"Lorain city, Ohio","3,518","± 1,070"
"Parma city, Ohio","1,508","± 752"
"Toledo city, Ohio","11,024","± 2,002"
"Broken Arrow city, Oklahoma","1,692","± 508"
"Edmond city, Oklahoma","2,838","± 970"
"Lawton city, Oklahoma","4,195","± 1,167"
"Norman city, Oklahoma","5,696","± 1,544"
"Oklahoma City city, Oklahoma","27,415","± 3,197"
"Tulsa city, Oklahoma","18,565","± 1,637"
"Beaverton city, Oregon","5,982","± 1,486"
"Bend city, Oregon","3,034","± 1,137"
"Eugene city, Oregon","10,916","± 1,770"
"Gresham city, Oregon","5,602","± 1,310"
"Hillsboro city, Oregon","3,106","± 1,135"
"Medford city, Oregon","4,491","± 1,363"
"Portland city, Oregon","33,673","± 3,365"
"Salem city, Oregon","8,455","± 1,569"
"Allentown city, Pennsylvania","9,117","± 2,125"
"Bethlehem city, Pennsylvania","2,573","± 912"
"Erie city, Pennsylvania","4,432","± 1,209"
"Philadelphia city, Pennsylvania","88,228","± 5,958"
"Pittsburgh city, Pennsylvania","14,843","± 2,048"
"Reading city, Pennsylvania","5,985","± 1,441"
"Scranton city, Pennsylvania","3,192","± 772"
"Cranston city, Rhode Island","3,250","± 1,322"
"Pawtucket city, Rhode Island","3,494","± 1,093"
"Providence city, Rhode Island","8,517","± 1,928"
"Warwick city, Rhode Island","1,835","± 789"
"Charleston city, South Carolina","7,100","± 1,510"
"Columbia city, South Carolina","8,231","± 1,618"
"Greenville city, South Carolina","3,840","± 1,301"
"Mount Pleasant town, South Carolina","2,283","± 1,072"
"North Charleston city, South Carolina","7,061","± 2,154"
"Rock Hill city, South Carolina","2,857","± 946"
"Rapid City city, South Dakota","1,425","± 649"
"Sioux Falls city, South Dakota","4,932","± 1,042"
"Chattanooga city, Tennessee","8,714","± 1,955"
"Clarksville city, Tennessee","4,529","± 1,831"
"Franklin city, Tennessee","1,638","± 703"
"Jackson city, Tennessee","3,095","± 988"
"Johnson City city, Tennessee","2,989","± 1,023"
"Knoxville city, Tennessee","10,708","± 1,766"
"Memphis city, Tennessee","39,377","± 3,407"
"Murfreesboro city, Tennessee","5,032","± 2,055"
"Nashville-Davidson metropolitan government (balance), Tennessee","34,907","± 3,898"
"Abilene city, Texas","5,315","± 1,456"
"Allen city, Texas","2,376","± 1,278"
"Amarillo city, Texas","6,148","± 1,278"
"Arlington city, Texas","18,550","± 2,857"
"Austin city, Texas","57,526","± 5,033"
"Baytown city, Texas","3,828","± 1,319"
"Beaumont city, Texas","5,366","± 1,488"
"Brownsville city, Texas","4,269","± 911"
"Bryan city, Texas","5,507","± 1,317"
"Carrollton city, Texas","4,021","± 1,153"
"Cedar Park city, Texas","2,169","± 1,129"
"College Station city, Texas","7,376","± 1,528"
"Conroe city, Texas","2,717","± 1,252"
"Corpus Christi city, Texas","12,622","± 2,016"
"Dallas city, Texas","77,490","± 5,669"
"Denton city, Texas","9,533","± 1,864"
"Edinburg city, Texas","5,581","± 2,093"
"El Paso city, Texas","22,714","± 2,740"
"Fort Worth city, Texas","36,574","± 3,634"
"Frisco city, Texas","3,644","± 1,303"
"Garland city, Texas","9,883","± 2,589"
"Georgetown city, Texas","2,685","± 788"
"Grand Prairie city, Texas","5,701","± 1,417"
"Harlingen city, Texas","3,162","± 1,134"
"Houston city, Texas","138,566","± 7,529"
"Irving city, Texas","11,443","± 2,163"
"Killeen city, Texas","8,553","± 2,166"
"Laredo city, Texas","6,490","± 1,301"
"League City city, Texas","2,282","± 1,105"
"Lewisville city, Texas","4,319","± 1,256"
"Longview city, Texas","3,613","± 1,132"
"Lubbock city, Texas","15,389","± 2,792"
"McAllen city, Texas","4,737","± 1,347"
"McKinney city, Texas","6,462","± 1,820"
"Mansfield city, Texas","1,538","± 764"
"Mesquite city, Texas","7,065","± 1,886"
"Midland city, Texas","3,684","± 2,057"
"Mission city, Texas","2,476","± 1,097"
"New Braunfels city, Texas","2,359","± 1,096"
"North Richland Hills city, Texas","2,297","± 850"
"Odessa city, Texas","4,085","± 1,770"
"Pasadena city, Texas","4,978","± 1,804"
"Pearland city, Texas","2,298","± 1,416"
"Pharr city, Texas","2,815","± 1,204"
"Plano city, Texas","9,558","± 2,024"
"Richardson city, Texas","4,233","± 1,262"
"Round Rock city, Texas","6,654","± 2,705"
"San Angelo city, Texas","3,413","± 1,139"
"San Antonio city, Texas","64,806","± 4,724"
"San Marcos city, Texas","8,326","± 2,035"
"Sugar Land city, Texas","1,037","± 572"
"Temple city, Texas","3,349","± 1,027"
"The Woodlands CDP, Texas","1,610","± 827"
"Tyler city, Texas","2,934","± 843"
"Victoria city, Texas","2,357","± 940"
"Waco city, Texas","8,526","± 1,657"
"Wichita Falls city, Texas","2,151","± 690"
"Layton city, Utah","1,927","± 786"
"Lehi city, Utah","384","± 313"
"Ogden city, Utah","2,296","± 822"
"Orem city, Utah","2,370","± 863"
"Provo city, Utah","4,931","± 1,062"
"St. George city, Utah","3,326","± 1,163"
"Salt Lake City city, Utah","10,732","± 1,987"
"Sandy city, Utah","1,558","± 797"
"South Jordan city, Utah","359","± 273"
"West Jordan city, Utah","1,512","± 743"
"West Valley City city, Utah","1,890","± 813"
"Alexandria city, Virginia","9,772","± 1,823"
"Arlington CDP, Virginia","12,288","± 1,910"
"Centreville CDP, Virginia","1,860","± 647"
"Chesapeake city, Virginia","7,597","± 1,893"
"Dale City CDP, Virginia","1,121","± 566"
"Hampton city, Virginia","7,116","± 1,485"
"Lynchburg city, Virginia","3,540","± 1,061"
"Newport News city, Virginia","8,176","± 1,407"
"Norfolk city, Virginia","13,091","± 1,867"
"Portsmouth city, Virginia","4,960","± 1,338"
"Richmond city, Virginia","15,740","± 2,337"
"Roanoke city, Virginia","4,849","± 1,017"
"Suffolk city, Virginia","3,059","± 932"
"Virginia Beach city, Virginia","16,167","± 2,461"
"Auburn city, Washington","3,929","± 1,197"
"Bellevue city, Washington","5,444","± 1,429"
"Bellingham city, Washington","6,959","± 1,708"
"Everett city, Washington","6,157","± 1,554"
"Federal Way city, Washington","4,227","± 1,331"
"Kennewick city, Washington","3,474","± 1,181"
"Kent city, Washington","4,459","± 1,103"
"Kirkland city, Washington","2,539","± 946"
"Marysville city, Washington","1,393","± 532"
"Pasco city, Washington","843","± 644"
"Redmond city, Washington","3,796","± 1,129"
"Renton city, Washington","6,132","± 1,793"
"Sammamish city, Washington","758","± 421"
"Seattle city, Washington","45,338","± 4,942"
"South Hill CDP, Washington","1,670","± 810"
"Spokane city, Washington","10,090","± 1,777"
"Spokane Valley city, Washington","4,024","± 1,359"
"Tacoma city, Washington","6,812","± 1,582"
"Vancouver city, Washington","10,407","± 1,713"
"Yakima city, Washington","3,247","± 955"
"Appleton city, Wisconsin","2,159","± 820"
"Eau Claire city, Wisconsin","2,638","± 809"
"Green Bay city, Wisconsin","4,455","± 1,158"
"Janesville city, Wisconsin","1,210","± 431"
"Kenosha city, Wisconsin","3,978","± 1,048"
"Madison city, Wisconsin","17,052","± 2,119"
"Milwaukee city, Wisconsin","35,701","± 3,253"
"Oshkosh city, Wisconsin","2,345","± 865"
"Racine city, Wisconsin","4,292","± 1,232"
"Waukesha city, Wisconsin","2,488","± 880"
"Cheyenne city, Wyoming","1,797","± 791"
"Bayamón zona urbana, Puerto Rico","4,573","± 1,048"
"Caguas zona urbana, Puerto Rico","2,680","± 1,043"
"Carolina zona urbana, Puerto Rico","3,930","± 1,102"
"Guaynabo zona urbana, Puerto Rico","1,546","± 660"
"Ponce zona urbana, Puerto Rico","2,772","± 801"
"San Juan zona urbana, Puerto Rico","14,042","± 1,778"